stock_code,variable,label,ab_n,ab_mean,ab_var,ab_skew,ab_kurtosis,nm_n,nm_mean,nm_var,nm_skew,nm_kurtosis,ks_stat,ks_pvalue
0050,trade_ret,Trade price log returns,264,2.6845461678236976e-05,2.1441945326897138e-07,-0.0335627281294236,0.6887365589142629,14256,2.24436822823651e-06,1.874518726139259e-07,-0.067308136849087,3.138382934371224,0.16778900112233452,7.653705638327068e-07
0050,press_5,5-level book pressure,265,0.10660032164287474,0.13420238585459868,-0.24717725366458002,-0.9967726913156736,14310,0.05973530612208558,0.10135949323186395,0.1198981814019597,-0.36707651129517416,0.16443046820405316,1.3036952489423055e-06
0050,mid_ret,Mid-quote log returns,264,2.8187746855699565e-05,8.198577420953191e-08,0.5109396826740915,2.7590558120386044,14256,2.295744030895462e-06,1.0531717913619344e-07,0.05181786681812889,7.3130130922082905,0.09953703703703698,0.010971344871065943
0050,press_1,1-level book pressure,265,0.1686013868267207,0.5046902310491065,-0.37822315247078997,-1.359412997637226,14310,0.09481880729927768,0.46838643930501844,-0.20081728113233785,-1.4547603474105166,0.08190076869322149,0.05773955189321023
0050,spread,Bid-ask spread,265,0.0696226415094352,0.0011854631217839136,1.7602454033047805,2.542731469728028,14310,0.06759608665269043,0.00108143863169001,2.198141488946967,6.0801607653446315,0.04018169112508735,0.7796850809779726
0050,d_spread,First diff of spread,264,1.0765799026668185e-16,0.0019581749049430676,-0.13264501126493652,1.9238106227312963,14256,-0.00010521885521885422,0.0012437630425617132,-0.03183577545591011,3.9332845014063373,0.038860830527497225,0.8142546695356845
0050,trade_size,Trade size,265,237.73584905660377,1280388.793596341,7.78808314568728,69.13770025082616,14310,700.62893081761,421102208.004726,73.1350292647484,5808.7632635886,0.019007686932215218,0.9999657646462363
