stock_code,variable,label,ab_n,ab_mean,ab_var,ab_skew,ab_kurtosis,nm_n,nm_mean,nm_var,nm_skew,nm_kurtosis,ks_stat,ks_pvalue
2330,press_5,5-level book pressure,530,0.04589661887438154,0.05875075882576629,-1.3078673423721405,2.118900956205005,14045,-0.132485248960928,0.08845538655354893,0.25505130301874546,-0.8003210342653411,0.36867212531149884,8.360722048112604e-63
2330,trade_ret,Trade price log returns,528,2.7611868699426985e-05,9.88300689579284e-07,0.08631237578943474,-0.5165221040858157,13992,1.0920864675742951e-06,1.0952434643276152e-06,0.027413919543393336,0.21173151605340967,0.10091480846197827,5.76871718664635e-05
2330,press_1,1-level book pressure,530,-0.051618299843076206,0.18057386771526335,0.37782672147853175,-0.4262777421723323,14045,-0.03806252925658554,0.1879939686493507,0.09407516182532992,-0.6177974208388419,0.0686365254538982,0.015448612757104402
2330,mid_ret,Mid-quote log returns,528,2.489114573854408e-05,2.227259584682261e-07,1.433656291996844,12.852956283008847,13992,5.987373049757851e-07,2.7111485831886475e-07,0.18682972168453674,11.510769276280676,0.02422813036020577,0.9189795496677186
2330,d_spread,First diff of spread,528,0.003787878787878788,0.015165890403082055,8.066133623309904,162.8662903914308,13992,0.0002144082332761578,0.005503492014530783,0.5165915619602462,178.77560717861704,0.0028230417381360784,1.0
2330,spread,Bid-ask spread,530,1.0075471698113208,0.01128508756286336,15.613801236098096,262.71100536128563,14045,1.0029191883232467,0.0029108739161739458,18.429228081443156,337.6845337433225,0.002741189035243896,1.0
2330,trade_size,Trade size,530,366.0377358490566,1124742.3048114988,6.071390725025847,47.259422460113996,14045,388.75044499822,5182955.1815942535,42.66844541484843,2427.6101138660565,0.004343182627269515,1.0
